{
    "sda":"di",
    "loc":[[33.9408531,-84.5204241],[34.0381785,-84.5826712]],
    "centerpoint":[33.9895158,-84.55154765],
    "locations": ["KSU Marietta","KSU Kennesaw"]
}